Branch,Average_Rating
A,7.027058823529413
C,7.072865853658538
B,6.8180722891566266
