"customer type",Total_Sales
Member,164223.44400000002
Normal,158743.30500000005
