Year,Month,Total_Sales
2019,1,116291.86800000005
2019,2,97219.37399999997
2019,3,109455.50700000004
