Branch,Total_Sales
A,106200.3705000001
C,110568.70649999994
B,106197.67199999996
